{
  "global_score": 0.6098559580109999,
  "pixel_score": 0.9411433371036169,
  "structural_score": 0.6098559580109999,
  "section_scores": {
    "EDUCATION": 0.49749722857481704,
    "HEADER": 0.7686336181135667,
    "LANGUAGE": 0.6227891617295952,
    "PAPERS": 0.6961405798587046,
    "SKILLS": 0.464219201778316
  },
  "section_deltas": {
    "EDUCATION": {
      "dx": 0.0,
      "dy": -9.215555555555568
    },
    "HEADER": {
      "dx": 0.0,
      "dy": -6.833333333333333
    },
    "LANGUAGE": {
      "dx": 0.0,
      "dy": -7.82000000000005
    },
    "PAPERS": {
      "dx": 0.0,
      "dy": -7.560000000000015
    },
    "SKILLS": {
      "dx": 0.0,
      "dy": 12.091999999999995
    }
  },
  "element_counts": {
    "generated": 61,
    "objective": 49
  }
}